,avg_clip_score,inception_score
_FP16,33.3954,9.494780540466309
w4a16_sym_scale_ign_time_emb_rest_w16,34.05113,9.592692375183105
