{
    "eval_exact_match": 77.47398297067171,
    "eval_f1": 85.74579300688454,
    "eval_samples": 10784
}